{
    "p": 1,
    "q": 1,
    "omega": 0.00041476392819971117,
    "alpha": 0.010667064092987961,
    "beta": 0.16922321765715662
}